{"mae": 986.5407449492177, "mse": 4270734.328040124, "r2": 0.8998486221793425}